,Log Source,Event Name,Log Source Type,Category,Timestamp,Events
0,pfSense @ 192.168.12.1,Firewall Permit,pfSense,Firewall Permit,19-03-06 12:34,959.0
1,pfSense @ 192.168.12.1,FirewallReject,pfSense,Firewall Deny,19-03-06 12:34,14.0
2,pfSense @ 192.168.12.1,Firewall Permit,pfSense,Firewall Permit,19-03-06 12:33,966.0
3,pfSense @ 192.168.12.1,FirewallReject,pfSense,Firewall Deny,19-03-06 12:33,26.0
4,pfSense @ 192.168.12.1,Firewall Permit,pfSense,Firewall Permit,19-03-06 12:32,890.0
5,pfSense @ 192.168.12.1,FirewallReject,pfSense,Firewall Deny,19-03-06 12:32,9.0
6,pfSense @ 192.168.12.1,Firewall Permit,pfSense,Firewall Permit,19-03-06 12:31,906.0
7,pfSense @ 192.168.12.1,FirewallReject,pfSense,Firewall Deny,19-03-06 12:31,22.0
8,pfSense @ 192.168.12.1,Firewall Permit,pfSense,Firewall Permit,19-03-06 12:29,1047.0
9,pfSense @ 192.168.12.1,FirewallReject,pfSense,Firewall Deny,19-03-06 12:29,7.0
10,QRadarAdvisorWithWatson,Advisor generic audit events,Universal LEEF,General Audit Event,19-03-06 12:30,7.0
11,pfSense @ 192.168.12.1,Firewall Permit,pfSense,Firewall Permit,19-03-06 12:30,970.0
12,pfSense @ 192.168.12.1,FirewallReject,pfSense,Firewall Deny,19-03-06 12:30,14.0
13,pfSense @ 192.168.12.1,Firewall Permit,pfSense,Firewall Permit,19-03-06 12:28,1003.0
14,pfSense @ 192.168.12.1,FirewallReject,pfSense,Firewall Deny,19-03-06 12:28,7.0
15,pfSense @ 192.168.12.1,Firewall Permit,pfSense,Firewall Permit,19-03-06 12:27,999.0
16,pfSense @ 192.168.12.1,FirewallReject,pfSense,Firewall Deny,19-03-06 12:27,8.0
17,pfSense @ 192.168.12.1,Firewall Permit,pfSense,Firewall Permit,19-03-06 12:26,1024.0
18,pfSense @ 192.168.12.1,FirewallReject,pfSense,Firewall Deny,19-03-06 12:26,9.0
19,QRadarAdvisorWithWatson,Advisor generic audit events,Universal LEEF,General Audit Event,19-03-06 12:25,4.0
20,pfSense @ 192.168.12.1,Firewall Permit,pfSense,Firewall Permit,19-03-06 12:25,1064.0
21,LinuxDHCP @ 192.168.12.1,Unknown Linux DHCP Server Event,Linux DHCP Server,Unknown,19-03-06 12:25,1.0
22,LinuxDHCP @ 192.168.12.1,"The client is responding to the DHCP servers, informing the one it selected that it wants the offered lease, and informing the other servers that it does not want their offers.",Linux DHCP Server,DHCP Session In Progress,19-03-06 12:25,1.0
23,pfSense @ 192.168.12.1,FirewallReject,pfSense,Firewall Deny,19-03-06 12:25,26.0
24,LinuxDHCP @ 192.168.12.1,"A DHCP server is informing the client that the lease configuration has been bound, all lease information is sent to the client.",Linux DHCP Server,DHCP Success,19-03-06 12:25,1.0
25,pfSense @ 192.168.12.1,Firewall Permit,pfSense,Firewall Permit,19-03-06 12:24,953.0
26,pfSense @ 192.168.12.1,FirewallReject,pfSense,Firewall Deny,19-03-06 12:24,4.0
27,pfSense @ 192.168.12.1,Firewall Permit,pfSense,Firewall Permit,19-03-06 12:23,926.0
28,pfSense @ 192.168.12.1,FirewallReject,pfSense,Firewall Deny,19-03-06 12:23,12.0
29,pfSense @ 192.168.12.1,Firewall Permit,pfSense,Firewall Permit,19-03-06 12:22,880.0
30,LinuxDHCP @ 192.168.12.1,"The client is responding to the DHCP servers, informing the one it selected that it wants the offered lease, and informing the other servers that it does not want their offers.",Linux DHCP Server,DHCP Session In Progress,19-03-06 12:22,1.0
31,pfSense @ 192.168.12.1,FirewallReject,pfSense,Firewall Deny,19-03-06 12:22,13.0
32,LinuxDHCP @ 192.168.12.1,"A DHCP server is informing the client that the lease configuration has been bound, all lease information is sent to the client.",Linux DHCP Server,DHCP Success,19-03-06 12:22,1.0
33,pfSense @ 192.168.12.1,Firewall Permit,pfSense,Firewall Permit,19-03-06 12:21,938.0
34,pfSense @ 192.168.12.1,FirewallReject,pfSense,Firewall Deny,19-03-06 12:21,9.0
35,QRadarAdvisorWithWatson,Advisor generic audit events,Universal LEEF,General Audit Event,19-03-06 12:20,4.0
36,pfSense @ 192.168.12.1,Firewall Permit,pfSense,Firewall Permit,19-03-06 12:20,886.0
37,Search Results-2 :: qrconsole,Search Results Stored Event,Search Results,Stored,19-03-06 12:20,1.0
38,pfSense @ 192.168.12.1,FirewallReject,pfSense,Firewall Deny,19-03-06 12:20,37.0
39,pfSense @ 192.168.12.1,Firewall Permit,pfSense,Firewall Permit,19-03-06 12:19,947.0
40,pfSense @ 192.168.12.1,FirewallReject,pfSense,Firewall Deny,19-03-06 12:19,12.0
41,pfSense @ 192.168.12.1,Firewall Permit,pfSense,Firewall Permit,19-03-06 12:18,992.0
42,pfSense @ 192.168.12.1,FirewallReject,pfSense,Firewall Deny,19-03-06 12:18,14.0
43,pfSense @ 192.168.12.1,Firewall Permit,pfSense,Firewall Permit,19-03-06 12:17,1113.0
44,pfSense @ 192.168.12.1,FirewallReject,pfSense,Firewall Deny,19-03-06 12:17,9.0
45,pfSense @ 192.168.12.1,Firewall Permit,pfSense,Firewall Permit,19-03-06 12:16,1054.0
46,LinuxDHCP @ 192.168.12.1,"The client is responding to the DHCP servers, informing the one it selected that it wants the offered lease, and informing the other servers that it does not want their offers.",Linux DHCP Server,DHCP Session In Progress,19-03-06 12:16,1.0
47,LinuxDHCP @ 192.168.12.1,"A DHCP server is informing the client that the lease configuration has been bound, all lease information is sent to the client.",Linux DHCP Server,DHCP Success,19-03-06 12:16,1.0
48,pfSense @ 192.168.12.1,FirewallReject,pfSense,Firewall Deny,19-03-06 12:16,6.0
49,pfSense @ 192.168.12.1,Firewall Permit,pfSense,Firewall Permit,19-03-06 12:14,1017.0
50,pfSense @ 192.168.12.1,FirewallReject,pfSense,Firewall Deny,19-03-06 12:14,4.0
51,QRadarAdvisorWithWatson,Advisor generic audit events,Universal LEEF,General Audit Event,19-03-06 12:15,4.0
52,pfSense @ 192.168.12.1,Firewall Permit,pfSense,Firewall Permit,19-03-06 12:15,1073.0
53,LinuxDHCP @ 192.168.12.1,"The client is responding to the DHCP servers, informing the one it selected that it wants the offered lease, and informing the other servers that it does not want their offers.",Linux DHCP Server,DHCP Session In Progress,19-03-06 12:15,5.0
54,LinuxDHCP @ 192.168.12.1,Wrote to leases file,Linux DHCP Server,Information,19-03-06 12:15,1.0
55,pfSense @ 192.168.12.1,FirewallReject,pfSense,Firewall Deny,19-03-06 12:15,9.0
56,LinuxDHCP @ 192.168.12.1,"A DHCP server is informing the client that the lease configuration has been bound, all lease information is sent to the client.",Linux DHCP Server,DHCP Success,19-03-06 12:15,5.0
57,pfSense @ 192.168.12.1,Firewall Permit,pfSense,Firewall Permit,19-03-06 12:13,1096.0
58,pfSense @ 192.168.12.1,FirewallReject,pfSense,Firewall Deny,19-03-06 12:13,9.0
59,pfSense @ 192.168.12.1,Firewall Permit,pfSense,Firewall Permit,19-03-06 12:12,1056.0
60,pfSense @ 192.168.12.1,FirewallReject,pfSense,Firewall Deny,19-03-06 12:12,3.0
61,pfSense @ 192.168.12.1,Firewall Permit,pfSense,Firewall Permit,19-03-06 12:11,1122.0
62,pfSense @ 192.168.12.1,FirewallReject,pfSense,Firewall Deny,19-03-06 12:11,10.0
63,pfSense @ 192.168.12.1,Firewall Permit,pfSense,Firewall Permit,19-03-06 12:09,1027.0
64,pfSense @ 192.168.12.1,FirewallReject,pfSense,Firewall Deny,19-03-06 12:09,6.0
65,QRadarAdvisorWithWatson,Advisor generic audit events,Universal LEEF,General Audit Event,19-03-06 12:10,4.0
66,pfSense @ 192.168.12.1,Firewall Permit,pfSense,Firewall Permit,19-03-06 12:10,1073.0
67,pfSense @ 192.168.12.1,FirewallReject,pfSense,Firewall Deny,19-03-06 12:10,32.0
68,pfSense @ 192.168.12.1,Firewall Permit,pfSense,Firewall Permit,19-03-06 12:08,1012.0
69,pfSense @ 192.168.12.1,FirewallReject,pfSense,Firewall Deny,19-03-06 12:08,16.0
70,pfSense @ 192.168.12.1,Firewall Permit,pfSense,Firewall Permit,19-03-06 12:07,887.0
71,LinuxDHCP @ 192.168.12.1,"The client is responding to the DHCP servers, informing the one it selected that it wants the offered lease, and informing the other servers that it does not want their offers.",Linux DHCP Server,DHCP Session In Progress,19-03-06 12:07,1.0
72,LinuxDHCP @ 192.168.12.1,"A DHCP server is informing the client that the lease configuration has been bound, all lease information is sent to the client.",Linux DHCP Server,DHCP Success,19-03-06 12:07,1.0
73,pfSense @ 192.168.12.1,FirewallReject,pfSense,Firewall Deny,19-03-06 12:07,16.0
74,pfSense @ 192.168.12.1,Firewall Permit,pfSense,Firewall Permit,19-03-06 12:06,842.0
75,pfSense @ 192.168.12.1,FirewallReject,pfSense,Firewall Deny,19-03-06 12:06,14.0
